alias,normalform,typ
48-Jährigen,48-Jährigen,Person
A8,A8,Ort
ABB Calor Schaltanlagen AG,ABB Calor Schaltanlagen AG,Organisation
ABB Calor Schaltanlagen,ABB Calor Schaltanlagen AG,Organisation
AEG,AEG,Organisation
AFP,AFP,Organisation
AVC Systemhaus GmbH,AVC Systemhaus GmbH,Organisation
Abgeordneten,Abgeordneten,Person
Abgeordnetenhauses,Abgeordnetenhauses,Organisation
Abgeordnetenhaus,Abgeordnetenhauses,Organisation
Abteilung Flughafenkoordination,Abteilung Flughafenkoordination,Ort
Airport,Abteilung Flughafenkoordination,Ort
Airports,Abteilung Flughafenkoordination,Ort
Flughafen,Abteilung Flughafenkoordination,Ort
Flughafen-Aufsichtsrat,Abteilung Flughafenkoordination,Ort
Flughafen-Aufsichtsrates,Abteilung Flughafenkoordination,Ort
Flughafen-Aufsichtsrats,Abteilung Flughafenkoordination,Ort
Flughafengelände,Abteilung Flughafenkoordination,Ort
Flughafengesellschaft,Abteilung Flughafenkoordination,Ort
Flughafengesellschafter,Abteilung Flughafenkoordination,Ort
Flughafenreferat,Abteilung Flughafenkoordination,Ort
Flughafenverwaltung,Abteilung Flughafenkoordination,Ort
Flughäfen,Abteilung Flughafenkoordination,Ort
Flugplatz,Abteilung Flughafenkoordination,Ort
Großflughafen,Abteilung Flughafenkoordination,Ort
Großflughafens,Abteilung Flughafenkoordination,Ort
Hauptstadtflughafen,Abteilung Flughafenkoordination,Ort
Hauptstadtflughafens,Abteilung Flughafenkoordination,Ort
Hochtief AirPort,Abteilung Flughafenkoordination,Ort
Sonderstab Flughafen,Abteilung Flughafenkoordination,Ort
stadtnahem Flughafen,Abteilung Flughafenkoordination,Ort
Aeroflot,Aeroflot,Organisation
Air France,Air France,Organisation
Air Service Berlin,Air Service Berlin,Organisation
Air Berlin,Air Service Berlin,Organisation
Air-Berlin-Chef Hunold,Air-Berlin-Chef Hunold,Person
Air-Berlin-Maschine,Air-Berlin-Maschine,Organisation
Airail Ag,Airail Ag,Organisation
Airline Kunden,Airline Kunden,Person
Airport Group International,Airport Group International,Organisation
Alexander Dobrindt,Alexander Dobrindt,Person
Alexandra Thein,Alexandra Thein,Person
Alfredo Di Mauro,Alfredo Di Mauro,Person
Alliierten Kontrollrats,Alliierten Kontrollrats,Organisation
Altgesellschafter,Altgesellschafter,Person
Amann,Amann,Person
Amsterdam,Amsterdam,Ort
Amtes für Territorialplanung in Potsdam,Amtes für Territorialplanung in Potsdam,Organisation
Anbietern,Anbietern,Organisation
Andreas Otto,Andreas Otto,Person
André Geicke,André Geicke,Person
Angestellte,Angestellte,Person
Mitarbeiter,Angestellte,Person
Anita Tack,Anita Tack,Person
Anrainerkommunen,Anrainerkommunen,Ort
Anteilseigner,Anteilseigner,Person
Anton Hofreiter,Anton Hofreiter,Person
Antragstellerin,Antragstellerin,Person
"Anwaltskanzlei Wilmer, Cutler & Pickering","Anwaltskanzlei Wilmer, Cutler & Pickering",Organisation
Anwaltskanzleien,Anwaltskanzleien,Organisation
Anwaltskanzlei,Anwaltskanzleien,Organisation
Anwohner,Anwohner,Person
Arbeitnehmer,Arbeitnehmer,Person
Arbeiter,Arbeitnehmer,Person
Arbeitsgemeinschaft,Arbeitsgemeinschaft,Organisation
Arbeitsgemeinschaften mittelständischer Unternehmen,Arbeitsgemeinschaften mittelständischer Unternehmen,Organisation
Arbeitsgruppe,Arbeitsgruppe,Organisation
Arbeitsgruppe Flughäfen,Arbeitsgruppe Flughäfen,Organisation
Architekten,Architekten,Person
Aufsichtsratschef Bretschneider,Aufsichtsratschef Bretschneider,Person
Aufsichtsratsvorsitzenden,Aufsichtsratsvorsitzenden,Person
Aussichtsrat,Aussichtsrat,Organisation
Autobahn A113,Autobahn A113,Ort
Aéroports de Paris,Aéroports de Paris,Organisation
B.Z.,B.Z.,Organisation
BBF,BBF,Organisation
BBF Holding,BBF Holding,Organisation
BBF-Holding,BBF Holding,Organisation
BBF-Altgesellschafter,BBF-Altgesellschafter,Organisation
BBF-Altschulden,BBF-Altschulden,Organisation
BBF-Aufsichtsratsmandat,BBF-Aufsichtsratsmandat,Organisation
BBF-Aufsichtsrat,BBF-Aufsichtsratsmandat,Organisation
BBF-Aufsichtsratsvorsitzender,BBF-Aufsichtsratsvorsitzender,Organisation
BBF-Chef,BBF-Chef,Organisation
BBF-GF,BBF-GF,Organisation
BBF-Gesellschaftern,BBF-Gesellschaftern,Organisation
BBF-Gesellschafter,BBF-Gesellschaftern,Organisation
BBF-Planer,BBF-Planer,Organisation
BBI,BBI,Organisation
BBI Aussichtsrats,BBI Aussichtsrats,Organisation
BBI-Aufsichtsrats,BBI-Aufsichtsrats,Organisation
BBI-Gesellschafter,BBI-Gesellschafter,Organisation
BBI-Südbahn,BBI-Südbahn,Organisation
BBIP,BBIP,Organisation
BBIP -Konsortium,BBIP -Konsortium,Organisation
BBIP-Konsortium,BBIP -Konsortium,Organisation
BBIP-Konsortiums,BBIP -Konsortium,Organisation
BDI,BDI,Organisation
BER,BER,Organisation
BER Aufsichtsrat,BER Aufsichtsrat,Organisation
Aufsichtsrat,BER Aufsichtsrat,Organisation
Aufsichtsrates,BER Aufsichtsrat,Organisation
Aufsichtsrats,BER Aufsichtsrat,Organisation
BER-Aufsichtsrats,BER-Aufsichtsrats,Organisation
BER-Aufsichtsrat,BER-Aufsichtsrats,Organisation
BER-Aufsichtsratschef,BER-Aufsichtsratschef,Organisation
BER-Baustelle,BER-Baustelle,Ort
BER-Bereichsleiter,BER-Bereichsleiter,Organisation
BER-Chef,BER-Chef,Organisation
BER-Eignern,BER-Eignern,Organisation
BER-Geschäftsführung,BER-Geschäftsführung,Organisation
BER-Gesellschafter,BER-Gesellschafter,Organisation
BER-Kontrollgremiums,BER-Kontrollgremiums,Organisation
BER-Sonderkommission,BER-Sonderkommission,Organisation
BER-Standort,BER-Standort,Ort
BER-Technikchef,BER-Technikchef,Organisation
BER-Untersuchungsausschusses,BER-Untersuchungsausschusses,Organisation
BER-Untersuchungsausschuss,BER-Untersuchungsausschusses,Organisation
BFG,BFG,Organisation
BImA,BImA,Organisation
BT-CDU-Fraktionschef Kauder,BT-CDU-Fraktionschef Kauder,Person
BVG,BVG,Organisation
BZ,BZ,Organisation
Bahn,Bahn,Organisation
Banken,Banken,Organisation
Bankgesellschaft Berlin AG,Bankgesellschaft Berlin AG,Organisation
Bankgesellschaft Berlin,Bankgesellschaft Berlin AG,Organisation
Barig,Barig,Organisation
Bau- und Verkehrsausschuss,Bau- und Verkehrsausschuss,Organisation
Bauaufsicht,Bauaufsicht,Organisation
Baufeld Ost,Baufeld Ost,Ort
Baufeld-Ost,Baufeld-Ost,Ort
Baufirma,Baufirma,Organisation
Bauamt,Baufirma,Organisation
Baukonzern Hochtief,Baukonzern Hochtief,Organisation
Bauordnungsamt des Kreises Dahme-Spreewald,Bauordnungsamt des Kreises Dahme-Spreewald,Organisation
Bauordnungsamtes,Bauordnungsamtes,Organisation
Bauordnungsamt,Bauordnungsamtes,Organisation
Bechtel Corp.,Bechtel Corp.,Organisation
Befragten,Befragten,Person
Behörden,Behörden,Organisation
Behörde,Behörden,Organisation
Beratungsunternehmen McKinsey,Beratungsunternehmen McKinsey,Organisation
Berger Bau GmbH,Berger Bau GmbH,Organisation
Bergermann,Bergermann,Person
Berl.Ztg,Berl.Ztg,Organisation
BerlZtg,Berl.Ztg,Organisation
BerlMopo,BerlMopo,Organisation
Berlin Brandenburg Flughafen Holding GmbH,Berlin Brandenburg Flughafen Holding GmbH,Organisation
Aufsichtsrat der Berliner Flughäfen,Berlin Brandenburg Flughafen Holding GmbH,Organisation
BBF	Berlin-Brandenburg Flughafen Holding,Berlin Brandenburg Flughafen Holding GmbH,Organisation
Berlin Brandenburg Flughafen Holding,Berlin Brandenburg Flughafen Holding GmbH,Organisation
Berlin Brandenburg Flughafenholding,Berlin Brandenburg Flughafen Holding GmbH,Organisation
Berlin-Brandenburg Flughafen Holding,Berlin Brandenburg Flughafen Holding GmbH,Organisation
Berliner Flughafen-Gesellschaft,Berlin Brandenburg Flughafen Holding GmbH,Organisation
Berliner Flughafen-Gesellschaft mbH,Berlin Brandenburg Flughafen Holding GmbH,Organisation
Berliner Flughafengesellschaft,Berlin Brandenburg Flughafen Holding GmbH,Organisation
Berliner Flughäfen,Berlin Brandenburg Flughafen Holding GmbH,Organisation
Flughafen Berlin Brandenburg GmbH,Berlin Brandenburg Flughafen Holding GmbH,Organisation
Flughafen Berlin-Brandenburg,Berlin Brandenburg Flughafen Holding GmbH,Organisation
Flughafengesellschaft Berlin-Brandenburg,Berlin Brandenburg Flughafen Holding GmbH,Organisation
Projektgesellschaft Flughäfen Berlin-Brandenburg,Berlin Brandenburg Flughafen Holding GmbH,Organisation
Berlin Brandenburg International Partner,Berlin Brandenburg International Partner,Organisation
Berlin International,Berlin International,Ort
Berlin-Brandenburg,Berlin-Brandenburg,Ort
Berlin-Mitte,Berlin-Mitte,Ort
Berliner Abgeordnetenhauses,Berliner Abgeordnetenhauses,Organisation
Berliner Abgeordnetenhaus,Berliner Abgeordnetenhauses,Organisation
Berliner BER-Untersuchungsausschuss,Berliner BER-Untersuchungsausschuss,Organisation
Berliner CDU,Berliner CDU,Organisation
Berliner Finanzsenatorin Fugmann-Heesing,Berliner Finanzsenatorin Fugmann-Heesing,Person
Berliner Flughafen GmbH,Berliner Flughafen GmbH,Organisation
Berliner Flughafen-Holding,Berliner Flughafen-Holding,Organisation
Berliner Industrie- und Handelskammer,Berliner Industrie- und Handelskammer,Organisation
Industrie- und Handelskammer Berlin,Berliner Industrie- und Handelskammer,Organisation
Berliner Instituts für Regionalentwicklung und Strukturplanung IRS,Berliner Instituts für Regionalentwicklung und Strukturplanung IRS,Organisation
Berliner Landgericht,Berliner Landgericht,Organisation
Landgericht Berlin,Berliner Landgericht,Organisation
Berliner Minister,Berliner Minister,Person
Berliner Morgenpost,Berliner Morgenpost,Organisation
Berliner Parlamentsausschuss,Berliner Parlamentsausschuss,Organisation
Berliner Projektentwicklungsbüros,Berliner Projektentwicklungsbüros,Organisation
Berliner SPD,Berliner SPD,Organisation
Berliner SPD-AL-Regierung,Berliner SPD-AL-Regierung,Organisation
Berliner SPD-Fraktion,Berliner SPD-Fraktion,Organisation
Berliner Senate für Umwelt und für Verkehr,Berliner Senate für Umwelt und für Verkehr,Organisation
Berliner Senats,Berliner Senats,Organisation
Berliner Senat,Berliner Senats,Organisation
Berliner Senatsverwaltung für Finanzen,Berliner Senatsverwaltung für Finanzen,Organisation
Berliner Staatsanwaltschaft,Berliner Staatsanwaltschaft,Organisation
Berliner Verkehrssenators Wagener,Berliner Verkehrssenators Wagener,Person
Berliner Verkehrsverwaltung,Berliner Verkehrsverwaltung,Organisation
Berliner Volksbank,Berliner Volksbank,Organisation
Berliner Zeitung,Berliner Zeitung,Organisation
Berliner ÖTV,Berliner ÖTV,Organisation
Berlins,Berlins,Ort
Berlin,Berlins,Ort
Berlins Bürgermeister Wowereit,Berlins Bürgermeister Wowereit,Person
Beteiligten,Beteiligten,Person
Beteiligungsverwaltung,Beteiligungsverwaltung,Organisation
Betreibergesellschaft,Betreibergesellschaft,Organisation
Betroffenen,Betroffenen,Person
Betroffene,Betroffenen,Person
Bewerbern,Bewerbern,Person
Bezirk Treptow-Köpenick,Bezirk Treptow-Köpenick,Ort
Bieterkonsortium,Bieterkonsortium,Organisation
Bieterkonsortiums IVG,Bieterkonsortiums IVG,Organisation
Bietern,Bietern,Person
Bieter,Bietern,Person
Big Five,Big Five,Organisation
Bild,Bild,Ort
Bild am Sonntag,Bild am Sonntag,Organisation
Billigfluglinien,Billigfluglinien,Organisation
Billigairlines,Billigfluglinien,Organisation
Blankenfelde,Blankenfelde,Ort
Bleck & Söhne GmbH,Bleck & Söhne GmbH,Organisation
Bohnsdorf,Bohnsdorf,Ort
Bombardier,Bombardier,Organisation
Bonn,Bonn,Ort
Bonner IVG,Bonner IVG,Organisation
Bonner Staatssekretäre,Bonner Staatssekretäre,Person
Borkheide,Borkheide,Ort
Brandenburg Area Development Company,Brandenburg Area Development Company,Organisation
Brandenburger Flughafen,Brandenburger Flughafen,Organisation
Brandenburger Infrastrukturministerium,Brandenburger Infrastrukturministerium,Organisation
Brandenburger Landesentwicklungsgesellschaft,Brandenburger Landesentwicklungsgesellschaft,Organisation
Brandenburger Umweltministerium,Brandenburger Umweltministerium,Organisation
Brandenburger Umweltminister,Brandenburger Umweltministerium,Organisation
Brandenburger Wirtschaftsministerium,Brandenburger Wirtschaftsministerium,Organisation
Brandenburgischen Ministerien,Brandenburgischen Ministerien,Organisation
Brandenburgische Regierung,Brandenburgischen Ministerien,Organisation
Brandenburgs Regierung,Brandenburgischen Ministerien,Organisation
Brandenburgs Christdemokraten,Brandenburgs Christdemokraten,Organisation
Brandschutzanlage,Brandschutzanlage,Organisation
Feuerwache,Brandschutzanlage,Organisation
British Airways,British Airways,Organisation
Bund,Bund,Organisation
Bundes,Bundes,Organisation
Bundesanstalt für Immobilienaufgaben,Bundesanstalt für Immobilienaufgaben,Organisation
Bundesaufsichtsamt für Flugsicherung,Bundesaufsichtsamt für Flugsicherung,Organisation
Bundesfinanzminister Steinbrück,Bundesfinanzminister Steinbrück,Person
Finanzminister Steinbrück,Bundesfinanzminister Steinbrück,Person
Bundesfinanzministerium,Bundesfinanzministerium,Organisation
Bundeskanzler Schröder,Bundeskanzler Schröder,Person
Bundeskanzlerin Merkel,Bundeskanzlerin Merkel,Person
Bundeskartellamt,Bundeskartellamt,Organisation
Bundesrechnungshof,Bundesrechnungshof,Organisation
Bundesrechungshof,Bundesrechnungshof,Organisation
Bundesregierung,Bundesregierung,Organisation
Bundestag,Bundestag,Organisation
Bundesverkehrsminister Dobrindt,Bundesverkehrsminister Dobrindt,Person
Bundesverkehrsminister Krause,Bundesverkehrsminister Krause,Person
Verkehrsminister Krause,Bundesverkehrsminister Krause,Person
Bundesverkehrsminister Manfred Stolpe,Bundesverkehrsminister Manfred Stolpe,Person
Bundesverkehrsminister Matthias Wissmann,Bundesverkehrsminister Matthias Wissmann,Person
Bundesverkehrsminister Wissmann,Bundesverkehrsminister Matthias Wissmann,Person
Verkehrsminister Wissmann,Bundesverkehrsminister Matthias Wissmann,Person
Bundesverkehrsminister Peter Ramsauer,Bundesverkehrsminister Peter Ramsauer,Person
Bundesverkehrsminister Ramsauer,Bundesverkehrsminister Peter Ramsauer,Person
Verkehrsminister Ramsauer,Bundesverkehrsminister Peter Ramsauer,Person
Bundesverkehrsministeriums,Bundesverkehrsministeriums,Organisation
Bundesverkehrsminister,Bundesverkehrsministeriums,Organisation
Bundesverkehrsministerium,Bundesverkehrsministeriums,Organisation
Verkehrsminister,Bundesverkehrsministeriums,Organisation
Verkehrsministerium,Bundesverkehrsministeriums,Organisation
Verkehrsministeriums,Bundesverkehrsministeriums,Organisation
Bundesverwaltungsgerichts,Bundesverwaltungsgerichts,Organisation
Bundesverwaltungsgericht,Bundesverwaltungsgerichts,Organisation
Oberverwaltungsgericht,Bundesverwaltungsgerichts,Organisation
Burkhard Wenkel,Burkhard Wenkel,Person
BörsZtg,BörsZtg,Organisation
Bündnis 90,Bündnis 90,Organisation
Bündnis 90/Die Grünen,Bündnis 90/Die Grünen,Organisation
Bündnis90,Bündnis90,Organisation
Bürger,Bürger,Person
Bürgerinitiatve Kleinmachnow,Bürgerinitiatve Kleinmachnow,Organisation
Bürgerverein Brandenburg Berlin,Bürgerverein Brandenburg Berlin,Organisation
Bürgerverein Berlin-Brandenburg,Bürgerverein Brandenburg Berlin,Organisation
Bürgervereins Brandenburg-Berlin,Bürgerverein Brandenburg Berlin,Organisation
"Büros Jahn, Mack und Partner","Büros Jahn, Mack und Partner",Organisation
Büros Spreeplan,Büros Spreeplan,Organisation
Büro Spreeplan,Büros Spreeplan,Organisation
CBP,CBP,Organisation
CDU,CDU,Organisation
CDU-FDP-Vorgängerregierung,CDU-FDP-Vorgängerregierung,Organisation
CSU,CSU,Organisation
CSU-geführten Verkehrsministerium,CSU-geführten Verkehrsministerium,Organisation
Carmen,Carmen,Person
Caverion,Caverion,Organisation
Chris Halecker,Chris Halecker,Person
Christian Gaebler,Christian Gaebler,Person
Christian Manninger,Christian Manninger,Person
Christoph Bretschneider,Christoph Bretschneider,Person
Rainer Bretschneider,Christoph Bretschneider,Person
Cirrus Airlines,Cirrus Airlines,Organisation
Condor,Condor,Organisation
Corona Hotelbetriebs- und Beratungsgesellschaft mbH Mainz,Corona Hotelbetriebs- und Beratungsgesellschaft mbH Mainz,Organisation
Corona-Gruppe,Corona-Gruppe,Organisation
Cottbus,Cottbus,Ort
Cottbuser Landgericht,Cottbuser Landgericht,Organisation
Landgericht Cottbus,Cottbuser Landgericht,Organisation
Cottbuser Staatsanwaltschaft,Cottbuser Staatsanwaltschaft,Organisation
Staatsanwaltschaft Cottbus,Cottbuser Staatsanwaltschaft,Organisation
Credit Suisse,Credit Suisse,Organisation
Cronauer Burkei Partner Büro für Baudurchführung GmbH,Cronauer Burkei Partner Büro für Baudurchführung GmbH,Organisation
DB ProjektBau GmbH,DB ProjektBau GmbH,Organisation
DDR,DDR,Organisation
DDR-Fluglinie Interflug,DDR-Fluglinie Interflug,Organisation
DDR-Gebiet,DDR-Gebiet,Ort
DFS,DFS,Organisation
DIW,DIW,Organisation
DZ Bank,DZ Bank,Organisation
Dahlewitz,Dahlewitz,Ort
Daimler-Benz,Daimler-Benz,Organisation
Daniel Abbou,Daniel Abbou,Person
David Anderson,David Anderson,Person
Delius,Delius,Person
Der Bund,Der Bund,Organisation
Der Spiegel,Der Spiegel,Organisation
Der Tagesspiegel,Der Tagesspiegel,Organisation
Tagesspiegel,Der Tagesspiegel,Organisation
Tagesspiegels,Der Tagesspiegel,Organisation
Deutsch-Wusterhausen,Deutsch-Wusterhausen,Ort
Deutsche Aerospace,Deutsche Aerospace,Organisation
Deutsche Bahn AG,Deutsche Bahn AG,Organisation
Deutsche Bahn,Deutsche Bahn AG,Organisation
Deutschen Bahn,Deutsche Bahn AG,Organisation
Deutsche Bank AG,Deutsche Bank AG,Organisation
Deutsche Bank,Deutsche Bank AG,Organisation
Deutschen Bundestages,Deutschen Bundestages,Organisation
Deutschen Bundestags,Deutschen Bundestages,Organisation
Deutschen Flugsicherung,Deutschen Flugsicherung,Organisation
Deutsche Flugsicherung,Deutschen Flugsicherung,Organisation
Deutschen Forschungsanstalt für Luft- und Raumfahrt,Deutschen Forschungsanstalt für Luft- und Raumfahrt,Organisation
Deutsch Forschungsanstalt für Luft- und Raumfahrt,Deutschen Forschungsanstalt für Luft- und Raumfahrt,Organisation
Deutsche Zentrum für Luft- und Raumfahrt,Deutschen Forschungsanstalt für Luft- und Raumfahrt,Organisation
Deutschen Lufthansa Berlin Stiftung,Deutschen Lufthansa Berlin Stiftung,Organisation
Deutschland,Deutschland,Ort
Germania,Deutschland,Ort
Dialogforum,Dialogforum,Organisation
Die Welt,Die Welt,Organisation
Die Wirtschaft,Die Wirtschaft,Organisation
Diepensee,Diepensee,Ort
Dieter Johannsen-Roth,Dieter Johannsen-Roth,Person
Dietmar Woidke,Dietmar Woidke,Person
Dirk Behrendt,Dirk Behrendt,Person
Dorsch Consult,Dorsch Consult,Organisation
Dr. Mehdorn,Dr. Mehdorn,Person
Drehkreuz-Flughafen,Drehkreuz-Flughafen,Ort
Dreieck Neukölln,Dreieck Neukölln,Ort
Dresden,Dresden,Ort
Dresdener Gesellschaft für Luftverkehrsforschung,Dresdener Gesellschaft für Luftverkehrsforschung,Organisation
Dresdner Bank,Dresdner Bank,Organisation
Dresdner Bk.,Dresdner Bk.,Organisation
Duesseldorf,Duesseldorf,Ort
Dumping-Arbeiter,Dumping-Arbeiter,Person
Düsseldorf,Düsseldorf,Ort
EU,EU,Organisation
Easyjet,Easyjet,Organisation
Easyjet-Deutschland-Direktor,Easyjet-Deutschland-Direktor,Organisation
Easyjet-Passagiere,Easyjet-Passagiere,Organisation
Eberhard Diepgen,Eberhard Diepgen,Person
Eckard John von Freyend,Eckard John von Freyend,Person
John von Freyend,Eckard John von Freyend,Person
Edith,Edith,Person
Egger,Egger,Person
Ehrhart Körting,Ehrhart Körting,Person
Eichwalde,Eichwalde,Ort
Eigner,Eigner,Person
Eisenbahn-Bundesamtes,Eisenbahn-Bundesamtes,Organisation
Eisenbahn-Bundesamt,Eisenbahn-Bundesamtes,Organisation
Energiekonzern RWE,Energiekonzern RWE,Organisation
Engelbert Lütke Daldrup,Engelbert Lütke Daldrup,Person
Erwachsenen,Erwachsenen,Person
Essener Hochtief-Konzern,Essener Hochtief-Konzern,Organisation
Europäische Investitionsbank,Europäische Investitionsbank,Organisation
Europäische Kommission,Europäische Kommission,Organisation
EU-Kommission,Europäische Kommission,Organisation
Europäische Rechnungshof,Europäische Rechnungshof,Organisation
Europäische Union,Europäische Union,Organisation
Ex-Geschäftsführer,Ex-Geschäftsführer,Person
Ex-Vorsitzende,Ex-Vorsitzende,Person
Experten,Experten,Person
Experte,Experten,Person
FAG,FAG,Organisation
FBB-Aufsichtsratssitzung,FBB-Aufsichtsratssitzung,Organisation
FBB-Aufsichtsrat,FBB-Aufsichtsratssitzung,Organisation
FBB-Aufsichtsratsvorsitz,FBB-Aufsichtsratsvorsitz,Organisation
FBB-Geschäftsführung,FBB-Geschäftsführung,Organisation
FBB-Gesellschafter,FBB-Gesellschafter,Organisation
FBB,FBB-Gesellschafter,Organisation
FBB-Kreisen,FBB-Gesellschafter,Organisation
FBS,FBS,Organisation
FBS	Flughafen Berlin-Schönefeld GmbH,FBS	Flughafen Berlin-Schönefeld GmbH,Organisation
Flughafen Berlin Schönefeld GmbH,FBS	Flughafen Berlin-Schönefeld GmbH,Organisation
Flughafen Berlin-Schönefeld GmbH,FBS	Flughafen Berlin-Schönefeld GmbH,Organisation
FBS GmbH,FBS GmbH,Organisation
FDP,FDP,Organisation
FDP-Chefin,FDP-Chefin,Organisation
FFB,FFB,Organisation
FFG,FFG,Organisation
FPS,FPS,Organisation
FR,FR,Organisation
FTD,FTD,Organisation
Fachgemeinschaft,Fachgemeinschaft,Organisation
Firma,Fachgemeinschaft,Organisation
Firmen,Fachgemeinschaft,Organisation
Gesellschaft,Fachgemeinschaft,Organisation
Gesellschaften,Fachgemeinschaft,Organisation
Gesellschafter,Fachgemeinschaft,Organisation
Gesellschaftern,Fachgemeinschaft,Organisation
Konzern,Fachgemeinschaft,Organisation
Unternehmen,Fachgemeinschaft,Organisation
Fachgemeinschaft Bau,Fachgemeinschaft Bau,Organisation
Fernostregion,Fernostregion,Ort
Feuerwehr,Feuerwehr,Organisation
Financial Times Deutschland,Financial Times Deutschland,Organisation
Finanzressort,Finanzressort,Organisation
Firma Arcus,Firma Arcus,Organisation
Firma Bosch,Firma Bosch,Organisation
Bosch,Firma Bosch,Organisation
Florian Engels,Florian Engels,Person
Fluggesellschaften der Alliierten,Fluggesellschaften der Alliierten,Organisation
Flughafen Energie und Wasser GmbH,Flughafen Energie und Wasser GmbH,Organisation
Flughafen Frankfurt Main AG,Flughafen Frankfurt Main AG,Organisation
Flughafen Frankfurt AG,Flughafen Frankfurt Main AG,Organisation
Flughafen Frankfurt/Main AG,Flughafen Frankfurt Main AG,Organisation
Frankfurter Flughafen,Flughafen Frankfurt Main AG,Organisation
Flughafen Holding,Flughafen Holding,Organisation
Flughafen Köln/Bonn,Flughafen Köln/Bonn,Organisation
Flughafen München,Flughafen München,Ort
Flughafen Projektgesellschaft Schönefeld GmbH,Flughafen Projektgesellschaft Schönefeld GmbH,Organisation
Flughafen Schönefeld-Alt,Flughafen Schönefeld-Alt,Ort
Flughafen Schönefeld,Flughafen Schönefeld-Alt,Ort
Flughafens Schönefeld,Flughafen Schönefeld-Alt,Ort
Schönefelder Airport,Flughafen Schönefeld-Alt,Ort
Flughafen Tegel,Flughafen Tegel,Ort
Flughafen Wien AG,Flughafen Wien AG,Organisation
Flughafen-Holding,Flughafen-Holding,Organisation
Flughafen-gesellschaft FBB,Flughafen-gesellschaft FBB,Organisation
Flughafengesellschaft FBB,Flughafen-gesellschaft FBB,Organisation
Flughafengesellschaft FBS,Flughafen-gesellschaft FBB,Organisation
Flughafenchef Mühlenfeld,Flughafenchef Mühlenfeld,Person
Flughafenchef Schwarz,Flughafenchef Schwarz,Person
Flughafenfeuerwehr,Flughafenfeuerwehr,Organisation
Flughafengesellschaft BBF,Flughafengesellschaft BBF,Organisation
Flughafenumfeld-Entwicklungsgesellschaft,Flughafenumfeld-Entwicklungsgesellschaft,Organisation
Flugsicherung,Flugsicherung,Organisation
Fly,Fly,Person
Fonds,Fonds,Organisation
Forsa-Umfrage,Forsa-Umfrage,Organisation
Forst Zinna,Forst Zinna,Ort
Francis G.,Francis G.,Person
Frank Henkel,Frank Henkel,Person
Frank Röbbelen,Frank Röbbelen,Person
Frank Welskop,Frank Welskop,Person
Frankfurt am Main,Frankfurt am Main,Ort
Frankfurt,Frankfurt am Main,Ort
Frankfurts,Frankfurt am Main,Ort
Frankfurt/M.,Frankfurt/M.,Ort
Frankfurter Firma Lahmeyer International,Frankfurter Firma Lahmeyer International,Organisation
Frankfurter Rundschau,Frankfurter Rundschau,Organisation
Franz Müntefering,Franz Müntefering,Person
Fraport AG,Fraport AG,Organisation
Fraunhofer Institut für Bauphysik,Fraunhofer Institut für Bauphysik,Organisation
Freitag,Freitag,Organisation
Friedrich Thießen,Friedrich Thießen,Person
Friedrich Zimmermann,Friedrich Zimmermann,Person
Fugmann-Heesing,Fugmann-Heesing,Person
Gatow,Gatow,Ort
Gebhardt,Gebhardt,Person
Gebäudeausrüsters,Gebäudeausrüsters,Organisation
Gebäudeausrüster,Gebäudeausrüsters,Organisation
Gebäudetechnikfirma Caverion,Gebäudetechnikfirma Caverion,Organisation
Gemeinde Diepensee,Gemeinde Diepensee,Ort
Gemeindliche Wohnungsgesellschaft,Gemeindliche Wohnungsgesellschaft,Organisation
Genehmigungsbehörde,Genehmigungsbehörde,Organisation
Generalplaner,Generalplaner,Person
Generalplaner pg bbi,Generalplaner pg bbi,Person
Generalplaner-Konsortiums pgbbi,Generalplaner-Konsortiums pgbbi,Organisation
Generalunternehmer,Generalunternehmer,Organisation
Generalübernehmer,Generalübernehmer,Organisation
Georg Kohne,Georg Kohne,Person
Gerald Hörster,Gerald Hörster,Person
Gerd Kronmüller,Gerd Kronmüller,Person
Gerewerkschaften,Gerewerkschaften,Organisation
Gerichte,Gerichte,Organisation
Gerichts,Gerichts,Organisation
Gericht,Gerichts,Organisation
Gerkan GMP,Gerkan GMP,Organisation
GMP,Gerkan GMP,Organisation
Geschäfte,Geschäfte,Organisation
Geschäftsführer,Geschäftsführer,Person
Geschäftsführung,Geschäftsführung,Organisation
Gesellschafterkreisen,Gesellschafterkreisen,Organisation
Gesellschafterversammlung,Gesellschafterversammlung,Organisation
Goldman Sachs,Goldman Sachs,Organisation
Gottfried Egger,Gottfried Egger,Person
Greenpeace,Greenpeace,Organisation
Gremium,Gremium,Organisation
Grossmann,Grossmann,Person
Großen Koalition,Großen Koalition,Organisation
Koalition,Großen Koalition,Organisation
Grundstück,Grundstück,Ort
Grünen,Grünen,Organisation
Grüne,Grünen,Organisation
Gutachterkommission,Gutachterkommission,Organisation
Götz Herberg,Götz Herberg,Person
Günther Krause,Günther Krause,Person
HB,HB,Organisation
Halle,Halle,Ort
Hamburg,Hamburg,Ort
Handelsblatt,Handelsblatt,Organisation
Hannover,Hannover,Ort
Hans-Joachim Paap,Hans-Joachim Paap,Person
Hans-Olaf Henkel,Hans-Olaf Henkel,Person
Hans-Ulrich Wilsing,Hans-Ulrich Wilsing,Person
Harald Moritz,Harald Moritz,Person
Harald Siegle,Harald Siegle,Person
Harry Hohmeister,Harry Hohmeister,Person
Hartmut Mehdorns,Hartmut Mehdorns,Person
Hartmut Mehdorn,Hartmut Mehdorns,Person
Hartmut Meyer,Hartmut Meyer,Person
Hauptausschuss,Hauptausschuss,Organisation
Ausschuss,Hauptausschuss,Organisation
Hauptbahnhof,Hauptbahnhof,Ort
Hauptstadt,Hauptstadt,Ort
Hauptstadtregion,Hauptstadtregion,Ort
Hausherren,Hausherren,Person
Heike Fölster,Heike Fölster,Person
Heinrich Scholz,Heinrich Scholz,Person
Heinz Ruhnau,Heinz Ruhnau,Person
Helfer,Helfer,Person
Helmut Lölhöffel,Helmut Lölhöffel,Person
Henkel-Ruhanu-BBF,Henkel-Ruhanu-BBF,Organisation
Henning Krüger,Henning Krüger,Person
Herberg,Herberg,Person
Herbert Märtin,Herbert Märtin,Person
Herrn Mehdorn,Herrn Mehdorn,Person
Hilfskräften,Hilfskräften,Person
Hirche,Hirche,Person
Hochtief,Hochtief,Organisation
Hochtief AirPort GmbH,Hochtief AirPort GmbH,Organisation
Hochtief-Konsortiums,Hochtief-Konsortiums,Organisation
Hochtief-Konsortium,Hochtief-Konsortiums,Organisation
Hochtiefkonsortium,Hochtief-Konsortiums,Organisation
Konsortium,Hochtief-Konsortiums,Organisation
Konsortiums,Hochtief-Konsortiums,Organisation
Hochtief/IVG,Hochtief/IVG,Organisation
Hochtief/IVG-Konsortium,Hochtief/IVG-Konsortium,Organisation
Holding,Holding,Organisation
Holzmann,Holzmann,Person
Horst Amann,Horst Amann,Person
Horst Gräf,Horst Gräf,Person
Hubert Nienhoff,Hubert Nienhoff,Person
IGK-IGR,IGK-IGR,Organisation
IGK-IGR Ingenieurgesellschaft Kruck mbH,IGK-IGR Ingenieurgesellschaft Kruck mbH,Organisation
IGK-IGR Ingenieurgesellschaft Kruck,IGK-IGR Ingenieurgesellschaft Kruck mbH,Organisation
IHK,IHK,Organisation
IVG,IVG,Organisation
IVG Holding,IVG Holding,Organisation
IVG Holding AG,IVG Holding AG,Organisation
IVG-Konsortiums,IVG-Konsortiums,Organisation
IVG-Konsortium,IVG-Konsortiums,Organisation
IVG-Konzern,IVG-Konzern,Organisation
IVG-Vorstandsvorsitzender,IVG-Vorstandsvorsitzender,Organisation
Immobiliengesellschaft IVG,Immobiliengesellschaft IVG,Organisation
Imtech,Imtech,Organisation
Imtech Deutschland,Imtech Deutschland,Organisation
Imtech-Deutschland-Chef,Imtech-Deutschland-Chef,Organisation
Imtech-Konzern,Imtech-Konzern,Organisation
Industrie- und Handelskammer,Industrie- und Handelskammer,Organisation
Industrie- und Handelskammer BerlZtg,Industrie- und Handelskammer BerlZtg,Organisation
Industriekonsortium,Industriekonsortium,Organisation
Infrastrukturministerium,Infrastrukturministerium,Organisation
Ingenieur-Gesellschaft Kruck,Ingenieur-Gesellschaft Kruck,Organisation
Ingenieurbüro Kruck,Ingenieur-Gesellschaft Kruck,Organisation
Ingenieurbau-Gesellschaft mbH,Ingenieurbau-Gesellschaft mbH,Organisation
Ingenieuren,Ingenieuren,Person
Ingenieure,Ingenieuren,Person
Innenministeriums,Innenministeriums,Organisation
Innensenator,Innensenator,Person
Insider,Insider,Person
Institutionen,Institutionen,Organisation
Interflug,Interflug,Organisation
Internationaler Flughafen Berlin-Brandenburg GmbH & Co KG,Internationaler Flughafen Berlin-Brandenburg GmbH & Co KG,Organisation
Investitionsbanken von Berlin und Brandenburg,Investitionsbanken von Berlin und Brandenburg,Organisation
Investmentbank Credit Suisse,Investmentbank Credit Suisse,Organisation
Investmentbank Credit Suisse First Boston,Investmentbank Credit Suisse First Boston,Organisation
Bank Credit Suisse First Boston,Investmentbank Credit Suisse First Boston,Organisation
Investorengruppen,Investorengruppen,Person
Investoren,Investorengruppen,Person
Investorengruppe,Investorengruppen,Person
J. S. K.,J. S. K.,Organisation
J.S.K.,J. S. K.,Organisation
JSK International Architekten und 	Ingenieure GmbH,JSK International Architekten und 	Ingenieure GmbH,Organisation
Joachim Korkhaus,Joachim Korkhaus,Person
Joachim Leyerle,Joachim Leyerle,Person
Jochen Grossmann,Jochen Grossmann,Person
Jochen Großmann,Jochen Großmann,Person
Johannsen-Roth,Johannsen-Roth,Person
John Kohlsaat,John Kohlsaat,Person
Journalisten,Journalisten,Person
Juristen,Juristen,Person
Anwälte,Juristen,Person
Jörg Marks,Jörg Marks,Person
Jörg Rösler,Jörg Rösler,Person
Jürgen Linde,Jürgen Linde,Person
Jürgen Weber,Jürgen Weber,Person
Jüterbog,Jüterbog,Ort
Jüterbog-Ost,Jüterbog-Ost,Ort
Jüterbog-West,Jüterbog-West,Ort
KStA,KStA,Organisation
Kajo Schommer,Kajo Schommer,Person
"Kanzlei Wilmer, Cutler & Pickering","Kanzlei Wilmer, Cutler & Pickering",Organisation
Karsten Mühlenfeld,Karsten Mühlenfeld,Person
Mühlenfeld,Karsten Mühlenfeld,Person
Kathrin Schneider,Kathrin Schneider,Person
Keitel,Keitel,Person
KfW IPEX-Bank,KfW IPEX-Bank,Organisation
Kilian Krieger,Kilian Krieger,Person
Klaus Betz,Klaus Betz,Person
Klaus Landowski,Klaus Landowski,Person
Klaus Lederer,Klaus Lederer,Person
Klaus Wowereit,Klaus Wowereit,Person
Konkurrenzkonsortium PEG,Konkurrenzkonsortium PEG,Organisation
Konsortium Bechtel/Commerzbank,Konsortium Bechtel/Commerzbank,Organisation
Konsortium pg bbi,Konsortium pg bbi,Organisation
Kontrolleure,Kontrolleure,Person
Kontrollgremiums,Kontrollgremiums,Organisation
Kontrollgremium,Kontrollgremiums,Organisation
Kreditinstitute,Kreditinstitute,Organisation
Kreis Dahme-Spreewald,Kreis Dahme-Spreewald,Ort
Krieger,Krieger,Person
Kritiker,Kritiker,Person
Kurt Bodewig,Kurt Bodewig,Person
Königs-Wusterhausen,Königs-Wusterhausen,Ort
Kötter Security,Kötter Security,Organisation
LRH,LRH,Organisation
LTU,LTU,Organisation
Lafontaine,Lafontaine,Person
Landesbank Berlin,Landesbank Berlin,Organisation
Landesbetrieb,Landesbetrieb,Organisation
Landeskasse,Landeskasse,Organisation
Landesplanungsabteilung,Landesplanungsabteilung,Organisation
Landesplanungsgesllschaft Berlin-Brandenburg,Landesplanungsgesllschaft Berlin-Brandenburg,Organisation
Landesrechnungshof Brandenburg,Landesrechnungshof Brandenburg,Ort
Brandenburg,Landesrechnungshof Brandenburg,Ort
Brandenburger Landtages,Landesrechnungshof Brandenburg,Ort
Brandenburger Landtags,Landesrechnungshof Brandenburg,Ort
Brandenburgs,Landesrechnungshof Brandenburg,Ort
Land Brandenburg,Landesrechnungshof Brandenburg,Ort
Landesumweltamt,Landesumweltamt,Organisation
Landesverfassungsgericht,Landesverfassungsgericht,Organisation
Bundesverfassungsgericht,Landesverfassungsgericht,Organisation
Landeswahlleiterin,Landeswahlleiterin,Person
Landgericht Potsdam,Landgericht Potsdam,Organisation
Landkreises Dahme-Spreewald,Landkreises Dahme-Spreewald,Ort
Landkreis Dahme-Spreewald,Landkreises Dahme-Spreewald,Ort
Landrat Stephan Loge,Landrat Stephan Loge,Person
Landtag,Landtag,Organisation
Landtage,Landtage,Organisation
Landtages,Landtages,Organisation
Lars Jacobs,Lars Jacobs,Person
Lars Kühn,Lars Kühn,Person
Leif Erichsen,Leif Erichsen,Person
Leipzig,Leipzig,Ort
Leipzig-Halle,Leipzig-Halle,Ort
Leitplanke,Leitplanke,Ort
Leyerle,Leyerle,Person
Lichtenrade,Lichtenrade,Ort
Linken,Linken,Organisation
Linke,Linken,Organisation
Linkspartei,Linkspartei,Person
Baufirmen,Linkspartei,Person
Diepgen,Linkspartei,Person
Faz,Linkspartei,Person
Gerkan,Linkspartei,Person
Gutachter,Linkspartei,Person
Kläger,Linkspartei,Person
Körtgen,Linkspartei,Person
Körtgens,Linkspartei,Person
Prokuristen,Linkspartei,Person
SLB,Linkspartei,Person
SZ,Linkspartei,Person
Stolpe,Linkspartei,Person
Stolpes,Linkspartei,Person
Welt,Linkspartei,Person
Züblin,Linkspartei,Person
Ämter,Linkspartei,Person
London,London,Ort
Lore Maria Peschel-Gutzeit,Lore Maria Peschel-Gutzeit,Person
Low-Cost-Airlines,Low-Cost-Airlines,Organisation
Luftfahrtgesellschaften,Luftfahrtgesellschaften,Organisation
Airline,Luftfahrtgesellschaften,Organisation
Airlines,Luftfahrtgesellschaften,Organisation
Fluggesellschaft,Luftfahrtgesellschaften,Organisation
Fluggesellschaften,Luftfahrtgesellschaften,Organisation
Luftfahrtbehörde,Luftfahrtgesellschaften,Organisation
Luftverkehrsbehörde,Luftfahrtgesellschaften,Organisation
Lufthansa,Lufthansa,Organisation
Lufthansa Consulting GmbH,Lufthansa Consulting GmbH,Organisation
Lufthansa-Vorstands,Lufthansa-Vorstands,Organisation
Länder,Länder,Organisation
Lütke Dahldrup,Lütke Dahldrup,Person
Lütke Daldrup,Lütke Daldrup,Person
Magdeburg,Magdeburg,Ort
Mahlow,Mahlow,Ort
Management,Management,Organisation
Manfred Bobke,Manfred Bobke,Person
Manfred Körtgen,Manfred Körtgen,Person
Manfred Stolpe,Manfred Stolpe,Person
Manfred von Gerkan,Manfred von Gerkan,Person
Mann,Mann,Person
Mannesmann,Mannesmann,Organisation
Manuela Damianakis,Manuela Damianakis,Person
Marg und Partner,Marg und Partner,Person
Mario Czaja,Mario Czaja,Person
Mario Monti,Mario Monti,Person
Marks,Marks,Person
Martin Delius,Martin Delius,Person
Masterplan,Masterplan,Konzept
Matthias Kollatz-Ahnen,Matthias Kollatz-Ahnen,Person
Matthias Platzeck,Matthias Platzeck,Person
Matthias Schubert,Matthias Schubert,Person
Matthias Wissmann,Matthias Wissmann,Person
Mattias Prokoph,Mattias Prokoph,Person
McKinsey,McKinsey,Organisation
Mecklenburg-Vorpommern,Mecklenburg-Vorpommern,Ort
Mehdorns,Mehdorns,Person
Mehdorn,Mehdorns,Person
Meinhard von Gerkan,Meinhard von Gerkan,Person
Meisner,Meisner,Person
Menschen,Menschen,Person
Michael Cramer,Michael Cramer,Person
Michael Garvens,Michael Garvens,Person
Michael Müller,Michael Müller,Person
Müller,Michael Müller,Person
Müllers,Michael Müller,Person
Michael O'Leary,Michael O'Leary,Person
Michael Odenwald,Michael Odenwald,Person
Michael Pieper,Michael Pieper,Person
Michelsdorf,Michelsdorf,Ort
Mieter,Mieter,Person
MinPräs Stolpe,MinPräs Stolpe,Person
Minister,Minister,Person
Minister Ramsauer,Minister Ramsauer,Person
Ministerpräs. Stolpe,Ministerpräs. Stolpe,Person
Ministerpräsident Platzeck,Ministerpräsident Platzeck,Person
Ministerpräsident Stolpe,Ministerpräsident Stolpe,Person
Mittldt.Ztg,Mittldt.Ztg,Organisation
Muenchen,Muenchen,Ort
MärkAllg,MärkAllg,Organisation
MärkAll,MärkAllg,Organisation
Märkischen Abwasser-Zweckverbandes,Märkischen Abwasser-Zweckverbandes,Organisation
Märkischen Presse- und Wirtschaftsclub,Märkischen Presse- und Wirtschaftsclub,Organisation
Müggelsee-Flugrouten,Müggelsee-Flugrouten,Ort
München,München,Ort
ND,ND,Organisation
Naturschutzverbände,Naturschutzverbände,Organisation
Norbert Meisner,Norbert Meisner,Person
Norddeutsche Landesbank Girozentrale,Norddeutsche Landesbank Girozentrale,Organisation
Norddeutschen Landesbank,Norddeutschen Landesbank,Organisation
Nordpier,Nordpier,Ort
Nordpiste,Nordpiste,Ort
Nordrhein-Westfalen,Nordrhein-Westfalen,Ort
OLG,OLG,Organisation
Oberschöneweide,Oberschöneweide,Ort
Oberstaatsanwalt Frank Winter,Oberstaatsanwalt Frank Winter,Person
Oberverwaltungsgerichtes Berlin-Brandenburg,Oberverwaltungsgerichtes Berlin-Brandenburg,Organisation
Oberverwaltungs-gericht Berlin-Brandenburg,Oberverwaltungsgerichtes Berlin-Brandenburg,Organisation
Oberverwaltungsgericht Berlin-Brandenburg,Oberverwaltungsgerichtes Berlin-Brandenburg,Organisation
Olaf Nozon,Olaf Nozon,Person
Osnabrücks,Osnabrücks,Ort
Osten,Osten,Ort
Osten Deutschlands,Osten Deutschlands,Ort
PDS,PDS,Organisation
PDS-Fraktionen,PDS-Fraktionen,Organisation
PDS-Fraktion,PDS-Fraktionen,Organisation
PEG,PEG,Organisation
PEG Projektentwicklung,PEG Projektentwicklung,Organisation
PPS,PPS,Organisation
PPS 	Projekt-Planungsgesellschaft Schönefeld,PPS 	Projekt-Planungsgesellschaft Schönefeld,Organisation
Projekt-Planungsgesellschaft Schönefeld PPS,PPS 	Projekt-Planungsgesellschaft Schönefeld,Organisation
PPS-Aufsichtsrat,PPS-Aufsichtsrat,Organisation
PPS-Aufsichtsratschef,PPS-Aufsichtsratschef,Organisation
PWC,PWC,Organisation
Palma de Mallorca,Palma de Mallorca,Ort
PanAm,PanAm,Organisation
Parchim,Parchim,Ort
Paris,Paris,Ort
Parlament,Parlament,Organisation
Parteien,Parteien,Organisation
Passagiere,Passagiere,Person
Fluggäste,Passagiere,Person
Fluggästen,Passagiere,Person
Passagier,Passagiere,Person
Paul Pernak,Paul Pernak,Person
Peer Steinbrück,Peer Steinbrück,Person
Peter Danckert,Peter Danckert,Person
Peter Keitel,Peter Keitel,Person
Peter Ramsauer,Peter Ramsauer,Person
Pieper,Pieper,Person
Pier Nord,Pier Nord,Ort
Piraten,Piraten,Organisation
Planer,Planer,Person
Planers,Planers,Person
Planungs- und Projektgesellschaft Schönefeld,Planungs- und Projektgesellschaft Schönefeld,Organisation
Projektplanungsgesellschaft Schönefeld,Planungs- und Projektgesellschaft Schönefeld,Organisation
Planungsbüros,Planungsbüros,Organisation
Planungsbüro,Planungsbüros,Organisation
Planungsgemeinschaft,Planungsgemeinschaft,Organisation
Planungsgemeinschaft Berlin-Brandenburg International,Planungsgemeinschaft Berlin-Brandenburg International,Organisation
Planungsgemeinschaft Flughafen Berlin Brandenburg International,Planungsgemeinschaft Flughafen Berlin Brandenburg International,Organisation
Planungsgemeinschaft pg bbi,Planungsgemeinschaft pg bbi,Organisation
Planungsgesellschaft PG BBI,Planungsgesellschaft PG BBI,Organisation
Plattenbau,Plattenbau,Ort
Platzeck,Platzeck,Person
Platzeck Tsp,Platzeck Tsp,Organisation
Politikern,Politikern,Person
Politiker,Politikern,Person
Potsdam,Potsdam,Ort
Potsdamer Großen Koalition,Potsdamer Großen Koalition,Organisation
Potsdamer Staatskanzlei,Potsdamer Staatskanzlei,Organisation
Potsdamer Verkehrsministeriums,Potsdamer Verkehrsministeriums,Organisation
Potsdamer Verkehrsministerium,Potsdamer Verkehrsministeriums,Organisation
Presse,Presse,Organisation
PriceWaterhouseCoopers,PriceWaterhouseCoopers,Organisation
Privatpersonen,Privatpersonen,Person
Prof. Arnim Bechmann,Prof. Arnim Bechmann,Person
Prof. Robert Grosch,Prof. Robert Grosch,Person
Robert Grosch,Prof. Robert Grosch,Person
Projektgesellschaft,Projektgesellschaft,Organisation
Projektleitung,Projektleitung,Organisation
Projektplanungs-Gesellschaft mbH,Projektplanungs-Gesellschaft mbH,Organisation
Prüfern,Prüfern,Organisation
Psychologen,Psychologen,Person
RBB-Fernsehen,RBB-Fernsehen,Organisation
RWE,RWE,Organisation
Rainer Bomba,Rainer Bomba,Person
Rainer Hopf,Rainer Hopf,Person
Rainer Schwarz,Rainer Schwarz,Person
Ralf Berg,Ralf Berg,Person
Ralf Christoffers,Ralf Christoffers,Person
Ralf Kunkel,Ralf Kunkel,Person
Ramp 1,Ramp 1,Ort
Ramsauer,Ramsauer,Person
RegBürgermeister Diepgen,RegBürgermeister Diepgen,Person
RegBürgermeister Müller,RegBürgermeister Müller,Person
Regierende Bürgermeister Klaus Wowereit,Regierende Bürgermeister Klaus Wowereit,Person
Regierende Bürgermeister Walter Momper,Regierende Bürgermeister Walter Momper,Person
Regierenden Bürgermeister Diepgen,Regierenden Bürgermeister Diepgen,Person
Regierende Bürgermeister,Regierenden Bürgermeister Diepgen,Person
Regierungschefs,Regierungschefs,Person
Regierungsterminal,Regierungsterminal,Organisation
Regina Töpfer,Regina Töpfer,Person
Region,Region,Ort
Reinhard Klimmt,Reinhard Klimmt,Person
Reisende,Reisende,Person
Restaurants,Restaurants,Organisation
Rettungsdienste,Rettungsdienste,Organisation
Richter,Richter,Person
Richtern,Richtern,Person
Rohrleitungsbau-Betrieb,Rohrleitungsbau-Betrieb,Organisation
Rollfeld,Rollfeld,Ort
Rom,Rom,Organisation
Ronald Reagan,Ronald Reagan,Person
Ruhnau,Ruhnau,Person
Ruhnaus,Ruhnaus,Person
Rundfunks Berlin-Brandenburg,Rundfunks Berlin-Brandenburg,Organisation
Ryanair-Passagiere,Ryanair-Passagiere,Organisation
Ryanair,Ryanair-Passagiere,Organisation
Rüdiger Grube,Rüdiger Grube,Person
SPD-Bezirksbürgermeister Klaus,SPD-Bezirksbürgermeister Klaus,Person
SPD-CDU-Regierungskoalition,SPD-CDU-Regierungskoalition,Organisation
SPD-CDU-Koalition,SPD-CDU-Regierungskoalition,Organisation
SPD/CDU-Regierung,SPD-CDU-Regierungskoalition,Organisation
SPD/PDS-Koalition,SPD-CDU-Regierungskoalition,Organisation
SPD-Fraktionsgeschäftsführer,SPD-Fraktionsgeschäftsführer,Organisation
SPD-Fraktionsklausur,SPD-Fraktionsgeschäftsführer,Organisation
SPD-Fraktionsvorsitzende,SPD-Fraktionsgeschäftsführer,Organisation
SPD-Führung,SPD-Führung,Organisation
SPD,SPD-Führung,Organisation
SPD-Politiker,SPD-Politiker,Organisation
SPD-geführten Landesregierungen,SPD-geführten Landesregierungen,Organisation
SPD-Regierung,SPD-geführten Landesregierungen,Organisation
SPIEGEL-Interview,SPIEGEL-Interview,Organisation
SXF,SXF,Organisation
SXF-Airport,SXF-Airport,Organisation
Sachsen,Sachsen,Ort
Sachsen-Anhalt,Sachsen-Anhalt,Ort
Sachverständigen,Sachverständigen,Person
Saskia Ludwig,Saskia Ludwig,Person
Schlaich,Schlaich,Person
Schoenefeld,Schoenefeld,Ort
Schulzendorf,Schulzendorf,Ort
Schwarz,Schwarz,Person
Schälerbau Berlin GmbH,Schälerbau Berlin GmbH,Organisation
Schönefeld GmbH,Schönefeld GmbH,Organisation
Schönefeld-Nord,Schönefeld-Nord,Ort
Schönefeld-Süd,Schönefeld-Süd,Ort
Schöneberg,Schönefeld-Süd,Ort
Schöneberg-Süd,Schönefeld-Süd,Ort
Schönefeld,Schönefeld-Süd,Ort
Schönefelds,Schönefeld-Süd,Ort
Sechseck,Sechseck,Ort
Selchows,Selchows,Ort
Selchow,Selchows,Ort
Senatoren,Senatoren,Person
Senatskanzleichef Kähne,Senatskanzleichef Kähne,Person
Senatsverkehrsverwaltung,Senatsverkehrsverwaltung,Organisation
Senatsverwaltung für Finanzen,Senatsverwaltung für Finanzen,Organisation
Senatsverwaltungen,Senatsverwaltungen,Organisation
Senat,Senatsverwaltungen,Organisation
Senatskanzlei,Senatsverwaltungen,Organisation
Senatskanzleichef,Senatsverwaltungen,Organisation
Siemens Transrapid Shanghai BerlZtg,Siemens Transrapid Shanghai BerlZtg,Organisation
Siemens-Konzern,Siemens-Konzern,Organisation
Siemens,Siemens-Konzern,Organisation
Siemens-Auftrag,Siemens-Konzern,Organisation
Siemens-Manager,Siemens-Manager,Organisation
Siemens-Team,Siemens-Team,Organisation
Soko BER,Soko BER,Organisation
Solveig G.,Solveig G.,Person
Sonderausschuss BER,Sonderausschuss BER,Organisation
Sonderkommission,Sonderkommission,Organisation
Soziologen,Soziologen,Person
Speer,Speer,Person
Spekulanten,Spekulanten,Person
Sperenbergs,Sperenbergs,Ort
Sperenberg,Sperenbergs,Ort
Spiegel,Spiegel,Organisation
Spitzenpolitiker,Spitzenpolitiker,Person
Spon,Spon,Organisation
Sp,Spon,Organisation
Sprecher,Sprecher,Person
Sprint Team,Sprint Team,Organisation
Staatsanwaltschaft,Staatsanwaltschaft,Organisation
Staatsanwaltschaft Neuruppin,Staatsanwaltschaft Neuruppin,Organisation
Staatsgäste,Staatsgäste,Person
Staatssekretär,Staatssekretär,Person
Stadt,Stadt,Ort
Stadtautobahn,Stadtautobahn,Ort
Standorte,Standorte,Ort
Stefan Paetow,Stefan Paetow,Person
Steffen Wardin,Steffen Wardin,Person
Steuerzahler,Steuerzahler,Person
Strabag,Strabag,Organisation
Strabag-Tochter,Strabag-Tochter,Organisation
Stuttgart,Stuttgart,Ort
Süden,Süden,Ort
Süden Berlins,Süden Berlins,Ort
T-Systems,T-Systems,Organisation
TXL,TXL,Ort
Tagesspiegel-Bericht,Tagesspiegel-Bericht,Organisation
Tagesspiegel-Informationen,Tagesspiegel-Informationen,Organisation
Tagesspiegel-Interview,Tagesspiegel-Interview,Organisation
Taz,Taz,Organisation
Technik-Projektleiter Krys,Technik-Projektleiter Krys,Person
Technikchef Amann,Technikchef Amann,Person
Technikchef Marks,Technikchef Marks,Person
Technischen Universität Chemnitz,Technischen Universität Chemnitz,Organisation
Tegel,Tegel,Ort
Tegels,Tegels,Person
Tempelhofs,Tempelhofs,Ort
Tempelhof,Tempelhofs,Ort
Terminal,Terminal,Ort
Terminal A,Terminal A,Ort
Teurer,Teurer,Person
Thilo Sarrazin,Thilo Sarrazin,Person
Thomas Weyer,Thomas Weyer,Person
Thorsten Metzner,Thorsten Metzner,Person
Tiefbahnhof,Tiefbahnhof,Ort
Tilo Braune,Tilo Braune,Person
Tisch Hirches,Tisch Hirches,Person
Tochterunternehmen,Tochterunternehmen,Organisation
Torsten Fritz,Torsten Fritz,Person
Transparency International,Transparency International,Organisation
Treuhand,Treuhand,Organisation
Tsp,Tsp,Organisation
Tüv,Tüv,Organisation
Tüv Rheinland,Tüv Rheinland,Organisation
UVB,UVB,Organisation
Ulbricht,Ulbricht,Person
Ulrich Junghanns,Ulrich Junghanns,Person
Ulrich Schindler,Ulrich Schindler,Person
Umweltbundesamtes,Umweltbundesamtes,Organisation
Umweltbundesamt,Umweltbundesamtes,Organisation
Umweltlabor Berlin,Umweltlabor Berlin,Organisation
Umweltministerium,Umweltministerium,Organisation
Unbekannten,Unbekannten,Person
Unternehmensberatung Ernst & Young,Unternehmensberatung Ernst & Young,Organisation
Unternehmensberatung PWC,Unternehmensberatung PWC,Organisation
Unternehmensberatung Roland Berger,Unternehmensberatung Roland Berger,Organisation
Unternehmer,Unternehmer,Person
Untersuchungsausschuss BER,Untersuchungsausschuss BER,Organisation
Untersuchungsausschusses,Untersuchungsausschusses,Organisation
Untersuchungsausschuss,Untersuchungsausschusses,Organisation
Uwe Scharf,Uwe Scharf,Person
Verantwortlichen,Verantwortlichen,Person
Verein Berliner Kaufleute und Industrieller,Verein Berliner Kaufleute und Industrieller,Organisation
Vereinigung der Unternehmensverbände in Berlin und Brandenburg,Vereinigung der Unternehmensverbände in Berlin und Brandenburg,Organisation
Verfassungsgericht des Landes Brandenburg,Verfassungsgericht des Landes Brandenburg,Organisation
Brandenburgische Oberlandesgericht,Verfassungsgericht des Landes Brandenburg,Organisation
Brandenburgs Verfassungsgericht,Verfassungsgericht des Landes Brandenburg,Organisation
Oberverwaltungsgericht für Brandenburg,Verfassungsgericht des Landes Brandenburg,Organisation
Verfassungsorgane,Verfassungsorgane,Organisation
Vergabekammer,Vergabekammer,Organisation
VerkMin Wissmann,VerkMin Wissmann,Person
Verkehrsausschuss,Verkehrsausschuss,Organisation
Verkehrsminister Bodewig,Verkehrsminister Bodewig,Person
Verkehrsstaatssekretär Michael Odenwald,Verkehrsstaatssekretär Michael Odenwald,Person
Verkehrsverbund Berlin-Brandenburg,Verkehrsverbund Berlin-Brandenburg,Organisation
Verkehrsverwaltung,Verkehrsverwaltung,Organisation
Vierten Senats,Vierten Senats,Organisation
4. Senat,Vierten Senats,Organisation
Volker Kähne,Volker Kähne,Person
Volksinitiative,Volksinitiative,Organisation
Vorsitzenden,Vorsitzenden,Person
Vorstand,Vorstand,Person
WCP,WCP,Organisation
WIB,WIB,Organisation
WSP CBP Airport GmbH,WSP CBP Airport GmbH,Organisation
WSP CBP GmbH,WSP CBP GmbH,Organisation
WSP CBP,WSP CBP GmbH,Organisation
WSP Group,WSP Group,Organisation
Walter Momper,Walter Momper,Person
Walter) Hirches,Walter) Hirches,Person
Waltersdorf,Waltersdorf,Ort
WamS,WamS,Organisation
West-Berlin,West-Berlin,Ort
Westdeutsche Landesbank,Westdeutsche Landesbank,Organisation
Wien,Wien,Ort
Wilhelm Bender,Wilhelm Bender,Person
Wille & Partner,Wille & Partner,Organisation
Willem Trommels,Willem Trommels,Person
Williams Sayles Partnership,Williams Sayles Partnership,Organisation
Willy Brandt,Willy Brandt,Person
Wirtschaftsminister Hirche,Wirtschaftsminister Hirche,Person
Wirtschaftsprüfungsgesellschaft,Wirtschaftsprüfungsgesellschaft,Organisation
Wirtschaftsprüfungsgesellschaft PwC,Wirtschaftsprüfungsgesellschaft PwC,Organisation
Wirtschaftssenator Meisner,Wirtschaftssenator Meisner,Person
Wirtschaftsverbände,Wirtschaftsverbände,Organisation
Wissmann,Wissmann,Person
Wiwo,Wiwo,Organisation
Wjatscheslaw Kotschemassow,Wjatscheslaw Kotschemassow,Person
Wohngebieten,Wohngebieten,Ort
Woidke,Woidke,Person
Wolfgang Fürniß,Wolfgang Fürniß,Person
Wolfgang Mayrhuber,Wolfgang Mayrhuber,Person
Wolfgang Tiefensee,Wolfgang Tiefensee,Person
Wowereit IV,Wowereit IV,Person
Wowereits,Wowereits,Person
Wowereit,Wowereits,Person
Zeit-online,Zeit-online,Organisation
Zentralflughafen Tempelhof,Zentralflughafen Tempelhof,Ort
Flughafens Tempelhof,Zentralflughafen Tempelhof,Ort
Zeugin,Zeugin,Person
Zeugen,Zeugin,Person
Zulieferfirmen,Zulieferfirmen,Organisation
Zvi Hecker,Zvi Hecker,Person
Züblin AG,Züblin AG,Organisation
Zürich,Zürich,Ort
alliierten Luftbrücke,alliierten Luftbrücke,Organisation
amerikanische Airport Group,amerikanische Airport Group,Organisation
brandenburgische Landesamt für Verkehr,brandenburgische Landesamt für Verkehr,Organisation
brandenburgische Landtag,brandenburgische Landtag,Organisation
brandenburgische Ministerpräsident Manfred Stolpe,brandenburgische Ministerpräsident Manfred Stolpe,Person
brandenburgische Umweltministerium,brandenburgische Umweltministerium,Organisation
brandenburgischen Infrastrukturministerium,brandenburgischen Infrastrukturministerium,Organisation
brandenburgische Infrastrukturministerium,brandenburgischen Infrastrukturministerium,Organisation
"brandenburgischen Landesamt für Bauen, Verkehr und Straßenwesen","brandenburgischen Landesamt für Bauen, Verkehr und Straßenwesen",Organisation
brandenburgischen Landesrechnungshofs,brandenburgischen Landesrechnungshofs,Organisation
brandenburgische Landesrechnungshof,brandenburgischen Landesrechnungshofs,Organisation
brandenburgischen Oberverwaltungsgerichtes,brandenburgischen Oberverwaltungsgerichtes,Organisation
brandenburgischen Verkehrsministerium,brandenburgischen Verkehrsministerium,Organisation
britische Billigfluglinie Easyjet,britische Billigfluglinie Easyjet,Organisation
de Maiziere,de Maiziere,Person
deutschen Banken,deutschen Banken,Organisation
deutschen Verkehrsministerien,deutschen Verkehrsministerien,Organisation
französische Bank Caisse des Depots et Consignations,französische Bank Caisse des Depots et Consignations,Organisation
mitteldeutschen Flughafen AG,mitteldeutschen Flughafen AG,Organisation
nationale Regierung,nationale Regierung,Organisation
Landesregierungen,nationale Regierung,Organisation
Regierung,nationale Regierung,Organisation
Regierungen,nationale Regierung,Organisation
Regierungsviertel,nationale Regierung,Organisation
niederländischen Baukonzern Imtech,niederländischen Baukonzern Imtech,Organisation
niederländischen Unternehmen Arcadis,niederländischen Unternehmen Arcadis,Organisation
parlamentarischen Untersuchungsausschuss,parlamentarischen Untersuchungsausschuss,Organisation
pg bbi,pg bbi,Organisation
privaten Kaufinteressenten,privaten Kaufinteressenten,Person
privaten Unternehmen,privaten Unternehmen,Organisation
rot-rot-grüne Koalitionsvertrag,rot-rot-grüne Koalitionsvertrag,Organisation
rot-rot-grüne Landesregierung,rot-rot-grüne Landesregierung,Organisation
rot-rote Landesregierung,rot-rote Landesregierung,Organisation
schwarz-gelbe Koalition,schwarz-gelbe Koalition,Organisation
ÖTV,ÖTV,Organisation
öffentlichen Hand,öffentlichen Hand,Organisation
öffentliche Hand,öffentlichen Hand,Organisation
